name,const,ra_deg,de_deg,rad_deg,g_mag_lim,large_pm_flag,large_plx_flag
Alessi 10         ,Aql  ,301.233000 ,-10.555000 ,  0.26583, <17,,
Arp-Madore 2      ,Pup  ,114.683000 ,-33.845000 ,  0.02583, <20,,
Berkeley 61       ,Cas  , 12.040000 ,+67.199000 ,  0.02417, <20,,
NGC 3532          ,Car  ,166.417000 ,-58.707000 ,  0.53583, <13,,
