name,const,ra_deg,de_deg,rad_deg,g_mag_lim,large_pm_flag,large_plx_flag
Loden 143         ,Car  ,157.183333 ,-58.821667 ,  0.045833, <15,,
Ruprecht 159      ,Car  ,140.035417 ,-60.403889 ,  0.012500, <18,,
Ruprecht 163      ,Car  ,166.196667 ,-67.949167 ,  0.018333, <17,,
Ruprecht 89       ,Car  ,157.110417 ,-58.179167 ,  0.033333, <15,,
Ruprecht 90       ,Car  ,157.750000 ,-58.456944 ,  0.100000, <14,,
